[{"product_type": "Couch", "color": "Red", "description": "Leather low back", "monthly_rental_cost": 12.99, "in_stock_quantity": 10}, {"product_type": "Couch", "color": "Blue", "description": "Cloth high back", "monthly_rental_cost": 9.99, "in_stock_quantity": 3}, {"product_type": "Coffee Table", "color": "Brown", "description": "Plastic", "monthly_rental_cost": 2.5, "in_stock_quantity": 25}, {"product_type": "Couch", "color": "Red", "description": "Leather high back", "monthly_rental_cost": 15.99, "in_stock_quantity": 17}, {"product_type": "Recliner", "color": "Blue", "description": "Leather high back", "monthly_rental_cost": 19.99, "in_stock_quantity": 6}, {"product_type": "Chair", "color": "Blue", "description": "Plastic", "monthly_rental_cost": 1.0, "in_stock_quantity": 45}, {"product_type": "Chair", "color": "Red", "description": "Rubber", "monthly_rental_cost": 20.0, "in_stock_quantity": 2}, {"product_type": "Recliner", "color": "Red", "description": "Leather high back", "monthly_rental_cost": 89.99, "in_stock_quantity": 89}, {"product_type": "Couch", "color": "Red", "description": "Cloth high back", "monthly_rental_cost": 19.99, "in_stock_quantity": 3}, {"product_type": "Couch", "color": "Red", "description": "Cloth low back", "monthly_rental_cost": 746.99, "in_stock_quantity": 6}, {"product_type": "Couch", "color": "Red", "description": "Plastic", "monthly_rental_cost": 345.54, "in_stock_quantity": 99}]